date,repo,stars,forks,open_issues,watchers,contributors
2026-02-15T23:58:55Z,memvid/memvid,13109,1096,6,13109,22
2026-02-15T23:58:55Z,memvid/claude-brain,189,16,5,189,3
2026-02-15T23:58:55Z,memvid/awesome-memvid,7,1,0,7,1
2026-02-15T23:58:55Z,memvid/memvid-extension,2,1,0,2,1
2026-02-16T01:28:57Z,memvid/memvid,13109,1096,6,13109,22
2026-02-16T01:28:57Z,memvid/claude-brain,189,16,5,189,3
2026-02-16T01:28:57Z,memvid/awesome-memvid,7,1,0,7,1
2026-02-16T01:28:57Z,memvid/memvid-extension,2,1,0,2,1
2026-02-16T12:40:28Z,memvid/memvid,13115,1096,6,13115,22
2026-02-16T12:40:28Z,memvid/claude-brain,189,16,5,189,3
2026-02-16T12:40:28Z,memvid/awesome-memvid,7,1,0,7,1
2026-02-16T12:40:28Z,memvid/memvid-extension,3,1,0,3,1
2026-02-17T01:16:01Z,memvid/memvid,13122,1096,6,13122,22
2026-02-17T01:16:01Z,memvid/claude-brain,231,20,5,231,3
2026-02-17T01:16:01Z,memvid/awesome-memvid,7,1,0,7,1
2026-02-17T01:16:01Z,memvid/memvid-extension,3,1,0,3,1
2026-02-17T12:40:09Z,memvid/memvid,13128,1097,6,13128,22
2026-02-17T12:40:09Z,memvid/claude-brain,255,23,5,255,3
2026-02-17T12:40:09Z,memvid/awesome-memvid,7,1,0,7,1
2026-02-17T12:40:09Z,memvid/memvid-extension,3,1,0,3,1
2026-02-18T01:18:19Z,memvid/memvid,13137,1099,6,13137,22
2026-02-18T01:18:19Z,memvid/claude-brain,259,26,5,259,3
2026-02-18T01:18:19Z,memvid/awesome-memvid,7,1,0,7,1
2026-02-18T01:18:19Z,memvid/memvid-extension,3,1,0,3,1
2026-02-18T12:39:47Z,memvid/memvid,13145,1099,6,13145,21
2026-02-18T12:39:47Z,memvid/claude-brain,262,26,5,262,3
2026-02-18T12:39:47Z,memvid/awesome-memvid,7,1,0,7,1
2026-02-18T12:39:47Z,memvid/memvid-extension,3,1,0,3,1
2026-02-19T01:17:26Z,memvid/memvid,13148,1099,6,13148,21
2026-02-19T01:17:26Z,memvid/claude-brain,262,26,5,262,3
2026-02-19T01:17:26Z,memvid/awesome-memvid,7,1,0,7,1
2026-02-19T01:17:26Z,memvid/memvid-extension,3,1,0,3,1
2026-02-19T12:41:08Z,memvid/memvid,13155,1099,6,13155,21
2026-02-19T12:41:08Z,memvid/claude-brain,264,26,5,264,3
2026-02-19T12:41:08Z,memvid/awesome-memvid,7,1,0,7,1
2026-02-19T12:41:08Z,memvid/memvid-extension,3,1,0,3,1
2026-02-20T01:13:18Z,memvid/memvid,13159,1100,6,13159,21
2026-02-20T01:13:18Z,memvid/claude-brain,274,30,5,274,3
2026-02-20T01:13:18Z,memvid/awesome-memvid,7,1,0,7,1
2026-02-20T01:13:18Z,memvid/memvid-extension,3,1,0,3,1
2026-02-20T12:36:45Z,memvid/memvid,13160,1100,6,13160,21
2026-02-20T12:36:45Z,memvid/claude-brain,283,33,5,283,3
2026-02-20T12:36:45Z,memvid/awesome-memvid,7,1,0,7,1
2026-02-20T12:36:45Z,memvid/memvid-extension,3,1,0,3,1
2026-02-21T01:10:59Z,memvid/memvid,13168,1101,6,13168,21
2026-02-21T01:10:59Z,memvid/claude-brain,287,33,5,287,3
2026-02-21T01:10:59Z,memvid/awesome-memvid,7,1,0,7,1
2026-02-21T01:10:59Z,memvid/memvid-extension,3,1,0,3,1
2026-02-21T12:27:34Z,memvid/memvid,13174,1102,6,13174,21
2026-02-21T12:27:34Z,memvid/claude-brain,294,34,5,294,3
2026-02-21T12:27:34Z,memvid/awesome-memvid,7,1,0,7,1
2026-02-21T12:27:34Z,memvid/memvid-extension,3,1,0,3,1
2026-02-22T01:16:40Z,memvid/memvid,13175,1102,6,13175,21
2026-02-22T01:16:40Z,memvid/claude-brain,297,34,5,297,3
2026-02-22T01:16:40Z,memvid/awesome-memvid,7,1,0,7,1
2026-02-22T01:16:40Z,memvid/memvid-extension,3,1,0,3,1
